{"schemaVersion":"1.0","appDefinitionTemplate":{"id":"/providers/Microsoft.PowerApps/apps/","type":"Microsoft.PowerApps/apps","tags":{"primaryDeviceWidth":"1366","primaryDeviceHeight":"768","supportsPortrait":"true","supportsLandscape":"true","primaryFormFactor":"Tablet","publisherVersion":"3.23071.11","minimumRequiredApiVersion":"2.2.0","hasComponent":"false","hasUnlockedComponent":"false","isUnifiedRootApp":"false","sienaVersion":"20230719T175334Z-3.23071.11.0"},"properties":{"appVersion":"2023-07-19T17:53:34Z","lifeCycleId":"Published","createdByClientVersion":{"major":3,"minor":23071,"build":11,"revision":0,"majorRevision":0,"minorRevision":0},"minClientVersion":{"major":3,"minor":23071,"build":11,"revision":0,"majorRevision":0,"minorRevision":0},"backgroundColor":"RGBA(0,176,240,1)","backgroundImageUri":"/7405932938857182284/N0503376c-035d-4072-b4d6-f21d7195124a-logoSmallFile","displayName":"TEGE_COMPLIANCE_APP","description":"","commitMessage":"","appUris":{"documentUri":{"value":"/7405932938857182284/N465d8768-7e72-4bd7-9841-d34658777e94-document.msapp"},"imageUris":[],"additionalUris":[]},"createdTime":"0001-01-01T00:00:00Z","lastModifiedTime":"0001-01-01T00:00:00Z","sharedGroupsCount":0,"sharedUsersCount":0,"connectionReferences":{"4b672b0b-ea4b-46b4-b8cb-abf6d413005c":{"id":"43e65053-e3a5-46f1-8660-b53889b8eff1","displayName":"SharePoint","iconUri":"https://connectoricons-prod.azureedge.net/u/shgogna/globalperconnector-train1/1.0.1639.3312/sharepointonline/icon.png","dataSources":["Approved Treatments","Board Outcome/Approved Strategy Revised","Case Identification Methodology Revised","Case Identification Methodology Revised Part Two","Issue Development Plan","Issue Development Team","Issue Scoring Choices","Issue Submission","Issue Identification Part One","Issue Identification Part Two","Issue Submission Documents","Issue Treatment Plan Revised","Knowledge Network Scoring","Meetings","Monitoring","Measures Revised","Organizations","Recommendations","Results","Resource","Recommended Workstreams","Staffing","Submission Chronology Record","Work Breakdown Structure","Workplan"],"dependencies":[],"dependents":[],"parameterHints":{},"parameterHintsV2":{},"isOnPremiseConnection":false,"dataSets":{"https://irsgov.sharepoint.com/sites/cpccompliance":{"dataSources":{"Approved Treatments":{"tableName":"876245e4-dd50-4935-9f44-c4577699e570"},"Board Outcome/Approved Strategy Revised":{"tableName":"2009226b-daff-4b03-ad2d-ede37e903ea1"},"Case Identification Methodology Revised":{"tableName":"cd74c99d-a613-40cc-b84f-589e226d4a6b"},"Case Identification Methodology Revised Part Two":{"tableName":"79b5c2ae-157a-4b8b-b4ea-2b6787a974e4"},"Issue Development Plan":{"tableName":"de1df9d8-a054-45f4-8655-5306f05344a3"},"Issue Development Team":{"tableName":"499ebc7e-fadd-4ea3-a2c7-a820b82f51ed"},"Issue Scoring Choices":{"tableName":"56f5521c-2c45-41dd-a400-4690cfa541b5"},"Issue Submission":{"tableName":"f83e3896-2b2a-47c7-a106-2273dc5b220c"},"Issue Identification Part One":{"tableName":"82b67822-e900-44ca-80ec-9c5b50e66ba4"},"Issue Identification Part Two":{"tableName":"96a27dcc-1b35-4069-9399-aa3f5396a908"},"Issue Submission Documents":{"tableName":"2a655455-2f51-494e-902c-11aa5d544969"},"Issue Treatment Plan Revised":{"tableName":"c0db05d6-6c3b-4964-b2c8-23e8e20e22f9"},"Knowledge Network Scoring":{"tableName":"8d57e535-6bf7-4457-bea0-c971726497f4"},"Meetings":{"tableName":"01ffc112-72e4-4819-ba8c-f02cb7e9f3d3"},"Monitoring":{"tableName":"5fbea2a4-4987-4127-983a-51b06d94beb1"},"Measures Revised":{"tableName":"8a70ca6b-b32e-41c8-8d1a-077802e552ae"},"Organizations":{"tableName":"75b56dfe-b240-46b7-81d2-fd640a152098"},"Recommendations":{"tableName":"1f64f406-7b45-48d1-ad40-6dcbca8714df"},"Results":{"tableName":"39d7bc04-a0a9-4035-a5fe-bbb9f1aff5fd"},"Resource":{"tableName":"7e229c6e-ea9b-4cca-8003-c5434c8b9823"},"Recommended Workstreams":{"tableName":"31b4d1c3-6503-407c-9154-3928c646dd8f"},"Staffing":{"tableName":"c3d6830a-e697-4031-be24-4401710ea47b"},"Submission Chronology Record":{"tableName":"eda3d84d-2572-4621-8efd-3ca675bc9a68"},"Work Breakdown Structure":{"tableName":"1a1f1d3f-674c-4449-985b-a358588c2d42"},"Workplan":{"tableName":"bd65fdae-2810-454e-ad87-6b7f2b52ad34"}}}},"apiTier":"Standard","isCustomApiConnection":false,"actions":["providers/PowerPlatform.Governance/Operations/Read"]}},"databaseReferences":{},"almMode":"Environment","performanceOptimizationEnabled":true,"canConsumeAppPass":true,"enableModernRuntimeMode":false,"executionRestrictions":{"isTeamsOnly":false,"dataLossPreventionEvaluationResult":{"status":"Compliant","lastEvaluationDate":"2023-07-19T17:53:36.4075194Z","violations":[],"violationsByPolicy":[],"violationErrorMessage":"The app uses the following connectors: shared_sharepointonline."}}},"appType":"ClassicCanvasApp","appComponents":[]}}